norenordno,uid,actid,exch,tsym,trantype,qty,prc,pcode,remarks,status,reporttype,prctyp,ret,exchordid,dscqty,rejreason,t,amo
25091000473320.0,FA32246,FA32246,BFO,SENSEX2591181200CE,B,20.0,409.45,I,,PENDING,NewAck,LMT,DAY,,0.0, ,om,
25091100520779.0,FA32246,FA32246,NFO,NIFTY16SEP25C24850,B,75.0,233.0,I,,PENDING,NewAck,LMT,DAY,,0.0, ,om,
,om,,,,,,,,,,,,,,,,,
25091100520947.0,FA32246,FA32246,BFO,SENSEX2591881200CE,B,60.0,730.05,I,,PENDING,NewAck,LMT,DAY,,0.0, ,om,
25091100520950.0,FA32246,FA32246,BFO,SENSEX2591881200CE,B,60.0,730.05,I,,PENDING,NewAck,LMT,DAY,,0.0, ,om,
25091100520966.0,FA32246,FA32246,NFO,NIFTY16SEP25C24800,B,150.0,274.5,I,,PENDING,NewAck,LMT,DAY,,0.0, ,om,
25091100520968.0,FA32246,FA32246,NFO,NIFTY16SEP25C24800,B,150.0,274.5,I,,PENDING,NewAck,LMT,DAY,,0.0, ,om,
25091100520978.0,FA32246,FA32246,BFO,SENSEX2591881100CE,B,100.0,805.0,I,,PENDING,NewAck,LMT,DAY,,0.0, ,om,
25091100520989,FA32246,FA32246,BFO,SENSEX2591881200CE,B,40.0,730.05,I,,PENDING,NewAck,LMT,DAY,,0.0, ,om,
25091100520994,FA32246,FA32246,BFO,SENSEX2591881200CE,B,40.0,730.05,I,,PENDING,NewAck,LMT,DAY,,0.0, ,om,
25091100521002,FA42242,FA42242,BFO,SENSEX2591881400CE,B,20.0,582.5,I,,PENDING,NewAck,LMT,DAY,,0.0, ,om,
25091100521003,FA32246,FA32246,BFO,SENSEX2591881400CE,B,60.0,582.5,I,,PENDING,NewAck,LMT,DAY,,0.0, ,om,
AY,,0, ,om,,,,,,,,,,,,,,
25091100521004,FA42242,FA42242,BFO,SENSEX2591881200CE,B,20.0,730.05,I,,PENDING,NewAck,LMT,DAY,,0.0, ,om,
25091100521005,FA32246,FA32246,BFO,SENSEX2591881200CE,B,40.0,730.05,I,,PENDING,NewAck,LMT,DAY,,0.0, ,om,
25091100521009,FA32246,FA32246,NFO,NIFTY16SEP25C24800,B,150,274.5,I,,PENDING,NewAck,LMT,DAY,,0.0, ,om,
k,LMT,DAY,,0, ,om,,,,,,,,,,,,
25091100521019,FA42242,FA42242,BFO,SENSEX2591881200CE,B,40,730.05,I,,PENDING,NewAck,LMT,DAY,,0.0, ,om,
25091100521020,FA32246,FA32246,BFO,SENSEX2591881200CE,B,40,730.05,I,,PENDING,NewAck,LMT,DAY,,0.0, ,om,
25091100521027,FA32246,FA32246,BFO,SENSEX2591881100CE,B,40,805.0,I,,PENDING,NewAck,LMT,DAY,,0.0, ,om,
25091100521031,FA32246,FA32246,BFO,SENSEX2591881100CE,B,60,805.0,I,,PENDING,NewAck,LMT,DAY,,0.0, ,om,
25091100521032,FA42242,FA42242,BFO,SENSEX2591881100CE,B,60,805.0,I,,PENDING,NewAck,LMT,DAY,,0.0, ,om,
25091100521036,FA42242,FA42242,BFO,SENSEX2591881200CE,B,80,730.05,I,,PENDING,NewAck,LMT,DAY,,0.0, ,om,
25091100521037,FA32246,FA32246,BFO,SENSEX2591881200CE,B,80,730.05,I,,PENDING,NewAck,LMT,DAY,,0.0, ,om,
25091100521064,FA32246,FA32246,BFO,SENSEX2591881100CE,B,60,805.0,I,,PENDING,NewAck,LMT,DAY,,0.0, ,om,
25091100521065,FA42242,FA42242,BFO,SENSEX2591881100CE,B,60,805.0,I,,PENDING,NewAck,LMT,DAY,,0.0, ,om,
25091100521074,FA32246,FA32246,BFO,SENSEX2591881000CE,B,40,800.0,I,,PENDING,NewAck,LMT,DAY,,0.0, ,om,
25091100521075,FA42242,FA42242,BFO,SENSEX2591881000CE,B,40,800.0,I,,PENDING,NewAck,LMT,DAY,,0.0, ,om,
25091100521081,FA32246,FA32246,NFO,NIFTY16SEP25C24750,B,150,300.0,I,,PENDING,NewAck,LMT,DAY,,0.0, ,om,
25091100521082,FA32246,FA32246,NFO,NIFTY16SEP25C24800,B,150,274.5,I,,PENDING,NewAck,LMT,DAY,,0.0, ,om,
25091100521083,FA32246,FA32246,NFO,BANKNIFTY30SEP25C54100,B,70,997.65,I,,PENDING,NewAck,LMT,DAY,,0.0, ,om,
25091100521084,FA32246,FA32246,NFO,NIFTY16SEP25C24700,B,150,366.4,I,,PENDING,NewAck,LMT,DAY,,0.0, ,om,
25091100521087,FA32246,FA32246,NFO,NIFTY16SEP25C24700,B,150,366.4,I,,PENDING,NewAck,LMT,DAY,,0.0, ,om,
25091100521090,FA32246,FA32246,BFO,SENSEX2591881300CE,B,80,657.7,I,,PENDING,NewAck,LMT,DAY,,0.0, ,om,
25091100521103,FA42242,FA42242,BFO,SENSEX2591881000CE,B,40,883.75,I,,PENDING,NewAck,LMT,DAY,,0.0, ,om,
25091100521104,FA32246,FA32246,BFO,SENSEX2591881000CE,B,40,883.75,I,,PENDING,NewAck,LMT,DAY,,0.0, ,om,
25091100521105,FA32246,FA32246,NFO,NIFTY16SEP25C24700,B,300,366.4,I,,PENDING,NewAck,LMT,DAY,,0.0, ,om,
25091100521125,FA32246,FA32246,NFO,NIFTY16SEP25C24750,B,150,320.0,I,,PENDING,NewAck,LMT,DAY,,0.0, ,om,
25091100521138,FA32246,FA32246,NFO,NIFTY16SEP25C24750,B,225,320.0,I,,PENDING,NewAck,LMT,DAY,,0.0, ,om,
25091100521142,FA32246,FA32246,NFO,NIFTY16SEP25C24750,S,225,320.0,I,,PENDING,NewAck,LMT,DAY,,0.0, ,om,
25091100521150,FA32246,FA32246,BFO,SENSEX2591881000CE,B,60,883.75,I,,PENDING,NewAck,LMT,DAY,,0.0, ,om,
25091100521153,FA32246,FA32246,BFO,SENSEX2591881000CE,S,60,883.75,I,,PENDING,NewAck,LMT,DAY,,0.0, ,om,
25091100521156,FA32246,FA32246,NFO,NIFTY16SEP25P24750,B,225,17.2,I,,PENDING,NewAck,LMT,DAY,,0.0, ,om,
25091100521178,FA32246,FA32246,NFO,NIFTY16SEP25C24700,B,150,366.4,I,,PENDING,NewAck,LMT,DAY,,0.0, ,om,
25091100521179,FA32246,FA32246,NFO,NIFTY16SEP25C24700,S,150,366.4,I,,PENDING,NewAck,LMT,DAY,,0.0, ,om,
25091100521185,FA32246,FA32246,NFO,NIFTY16SEP25C24750,B,225,320.0,I,,PENDING,NewAck,LMT,DAY,,0.0, ,om,
25091100521207,FA32246,FA32246,NFO,NIFTY16SEP25P24800,B,225,22.55,I,,PENDING,NewAck,LMT,DAY,,0.0, ,om,
25091100521304,FA32246,FA32246,NFO,NIFTY16SEP25C24750,B,150,320.0,I,,PENDING,NewAck,LMT,DAY,,0.0, ,om,
25091100521306,FA32246,FA32246,NFO,NIFTY16SEP25C24750,B,150,320.0,I,,PENDING,NewAck,LMT,DAY,,0.0, ,om,
25091100521316,FA32246,FA32246,BFO,SENSEX2591881100CE,B,40,805.0,I,,PENDING,NewAck,LMT,DAY,,0.0, ,om,
25091100521317,FA42242,FA42242,BFO,SENSEX2591881100CE,B,40,805.0,I,,PENDING,NewAck,LMT,DAY,,0.0, ,om,
25091100521318,FA32246,FA32246,BFO,SENSEX2591881100CE,S,40,809.0,I,,PENDING,NewAck,LMT,DAY,,0.0, ,om,
25091100521319,FA42242,FA42242,BFO,SENSEX2591881100CE,S,40,809.0,I,,PENDING,NewAck,LMT,DAY,,0.0, ,om,
25091100521321,FA32246,FA32246,BFO,SENSEX2591881100CE,B,60,805.0,I,,PENDING,NewAck,LMT,DAY,,0.0, ,om,
25091100521320,FA42242,FA42242,BFO,SENSEX2591881100CE,B,60,805.0,I,,PENDING,NewAck,LMT,DAY,,0.0, ,om,
25091100521323,FA32246,FA32246,BFO,SENSEX2591881000CE,B,40,114.0,I,,PENDING,NewAck,LMT,DAY,,0.0, ,om,
25091100521327,FA32246,FA32246,BFO,SENSEX2591881000CE,B,60,883.75,I,,PENDING,NewAck,LMT,DAY,,0.0, ,om,
25091100521328,FA32246,FA32246,NFO,NIFTY16SEP25C24800,B,150,270.0,I,,PENDING,NewAck,LMT,DAY,,0.0, ,om,
25091100521329,FA32246,FA32246,NFO,NIFTY16SEP25C24800,B,150,270.0,I,,PENDING,NewAck,LMT,DAY,,0.0, ,om,
25091100521330,FA42242,FA42242,NFO,NIFTY16SEP25C24800,B,150,270.0,I,,PENDING,NewAck,LMT,DAY,,0.0, ,om,
25091100521331,FA32246,FA32246,BFO,SENSEX2591880900CE,B,40,952.85,I,,PENDING,NewAck,LMT,DAY,,0.0, ,om,
25091100521332,FA32246,FA32246,BFO,SENSEX2591880900CE,S,40,952.0,I,,PENDING,NewAck,LMT,DAY,,0.0, ,om,
25091100521334,FA32246,FA32246,NFO,NIFTY16SEP25C24700,B,225,366.4,I,,PENDING,NewAck,LMT,DAY,,0.0, ,om,
25091200094616,FA42242,FA42242,BFO,SENSEX2591881700CE,B,20,419.15,I,,PENDING,NewAck,LMT,DAY,,0.0, ,om,
25091200286087,FA42242,FA42242,NFO,NIFTY16SEP25C25450,B,75,4.0,I,,PENDING,NewAck,LMT,DAY,,0.0, ,om,
25091200288106,FA32246,FA32246,NFO,NIFTY16SEP25C25450,B,75,4.0,I,,PENDING,NewAck,LMT,DAY,,0.0, ,om,
25091200288105,FA42242,FA42242,NFO,NIFTY16SEP25C25450,B,75,4.0,I,,PENDING,NewAck,LMT,DAY,,0.0, ,om,
25091200289379,FA32246,FA32246,NFO,NIFTY16SEP25C25450,S,75,4.65,I,,PENDING,NewAck,LMT,DAY,,0.0, ,om,
25091200289380,FA42242,FA42242,NFO,NIFTY16SEP25C25450,S,75,4.65,I,,PENDING,NewAck,LMT,DAY,,0.0, ,om,
25091300003000,FA32246,FA32246,BFO,SENSEX2591881400CE,B,20,739.8,I,,PENDING,NewAck,LMT,DAY,,0.0, ,om,
25091300003001,FA42242,FA42242,BFO,SENSEX2591881400CE,B,20,739.8,I,,PENDING,NewAck,LMT,DAY,,0.0, ,om,
25091300003004,FA32246,FA32246,BFO,SENSEX2591881400CE,B,20,739.8,I,,PENDING,NewAck,LMT,DAY,,0.0, ,om,
25091300003005,FA42242,FA42242,BFO,SENSEX2591881400CE,B,20,739.8,I,,PENDING,NewAck,LMT,DAY,,0.0, ,om,
25091300005698,FA32246,FA32246,NFO,NIFTY16SEP25C25200,B,75,45.0,I,,PENDING,NewAck,LMT,DAY,,0.0, ,om,
25091300005699,FA42242,FA42242,NFO,NIFTY16SEP25C25200,B,75,45.0,I,,PENDING,NewAck,LMT,DAY,,0.0, ,om,
25091300006491,FA32246,FA32246,NFO,NIFTY16SEP25C25200,B,75,45.0,I,,PENDING,NewAck,LMT,DAY,,0.0, ,om,
25091300006492,FA32246,FA32246,NFO,NIFTY16SEP25C25200,B,75,45.0,I,,PENDING,NewAck,LMT,DAY,,0.0, ,om,
25091300006493,FA42242,FA42242,NFO,NIFTY16SEP25C25200,B,75,45.0,I,,PENDING,NewAck,LMT,DAY,,0.0, ,om,
25091300006496,FA42242,FA42242,NFO,NIFTY16SEP25C25200,B,75,45.0,I,,PENDING,NewAck,LMT,DAY,,0.0, ,om,
25091300006495,FA32246,FA32246,NFO,NIFTY16SEP25C25200,B,75,45.0,I,,PENDING,NewAck,LMT,DAY,,0.0, ,om,
25091300006497,FA32246,FA32246,NFO,NIFTY16SEP25C25200,B,75,45.0,I,,PENDING,NewAck,LMT,DAY,,0.0, ,om,
25091300006498,FA42242,FA42242,NFO,NIFTY16SEP25C25200,B,75,45.0,I,,PENDING,NewAck,LMT,DAY,,0.0, ,om,
25091300006545,FA32246,FA32246,BFO,SENSEX2591881900CE,B,20,950.2,I,,PENDING,NewAck,LMT,DAY,,0.0, ,om,
25091500156610,FA42242,FA42242,NFO,NIFTY16SEP25C25300,B,75,5.0,I,,PENDING,NewAck,LMT,DAY,,0.0, ,om,
25091500156609,FA32246,FA32246,NFO,NIFTY16SEP25C25300,B,75,5.0,I,,PENDING,NewAck,LMT,DAY,,0.0, ,om,
25091500159962,FA42242,FA42242,NFO,NIFTY16SEP25C25400,B,75,2.0,I,,PENDING,NewAck,LMT,DAY,,0.0, ,om,
25091500159960,FA32246,FA32246,NFO,NIFTY16SEP25C25400,B,75,2.0,I,,PENDING,NewAck,LMT,DAY,,0.0, ,om,
25091500164558,FA42242,FA42242,NFO,NIFTY16SEP25C25400,B,75,2.3,I,,PENDING,NewAck,LMT,DAY,,0.0, ,om,
25091500164559,FA32246,FA32246,NFO,NIFTY16SEP25C25400,B,75,2.3,I,,PENDING,NewAck,LMT,DAY,,0.0, ,om,
25091500166578,FA42242,FA42242,NFO,NIFTY16SEP25P25400,B,75,2.45,I,,PENDING,NewAck,LMT,DAY,,0.0, ,om,
25091500166581,FA32246,FA32246,NFO,NIFTY16SEP25P25400,B,75,2.45,I,,PENDING,NewAck,LMT,DAY,,0.0, ,om,
25091500168196,FA42242,FA42242,BFO,SENSEX2591884000CE,B,20,6.2,I,,PENDING,NewAck,LMT,DAY,,0.0, ,om,
25091500168197,FA32246,FA32246,BFO,SENSEX2591884000CE,B,20,6.2,I,,PENDING,NewAck,LMT,DAY,,0.0, ,om,
25091500170171,FA42242,FA42242,BFO,SENSEX2591882300CE,B,20,120.0,I,,PENDING,NewAck,LMT,DAY,,0.0, ,om,
25091500170173,FA32246,FA32246,BFO,SENSEX2591882300CE,B,20,120.0,I,,PENDING,NewAck,LMT,DAY,,0.0, ,om,
25091500170847,FA32246,FA32246,BFO,SENSEX2591882300CE,B,20,100.0,I,,PENDING,NewAck,LMT,EOS,,0.0, ,om,
25091500171559,FA32246,FA32246,BFO,SENSEX2591882300CE,B,20,100.0,M,,PENDING,NewAck,LMT,EOS,,0.0, ,om,
25091500175982,FA32246,FA32246,BFO,SENSEX2591883500CE,B,20,7.0,C,,REJECTED,Rejected,LMT,DAY,,,ORA:Product CNC not enabled on exchange BFO,om,Yes
25091500175985,FA42242,FA42242,BFO,SENSEX2591883500CE,B,20,7.0,C,,REJECTED,Rejected,LMT,DAY,,,ORA:Product CNC not enabled on exchange BFO,om,Yes
25091500178262,FA42242,FA42242,BFO,SENSEX2591884000CE,B,20,4.0,M,,PENDING,NewAck,LMT,DAY,,0.0, ,om,
25091500178263,FA32246,FA32246,BFO,SENSEX2591884000CE,B,20,4.0,M,,PENDING,NewAck,LMT,DAY,,0.0, ,om,
25091500180356,FA32246,FA32246,NFO,NIFTY16SEP25C25500,B,75,1.5,I,,PENDING,NewAck,LMT,DAY,,0.0, ,om,
25091500180357,FA42242,FA42242,NFO,NIFTY16SEP25C25500,B,75,1.5,I,,PENDING,NewAck,LMT,DAY,,0.0, ,om,
25091500183317,FA42242,FA42242,NFO,NIFTY16SEP25P24500,B,75,1.9,I,,PENDING,NewAck,LMT,DAY,,0.0, ,om,
25091500183318,FA32246,FA32246,NFO,NIFTY16SEP25P24500,B,75,1.9,I,,PENDING,NewAck,LMT,DAY,,0.0, ,om,
25091500315114,FA32246,FA32246,NFO,NIFTY16SEP25P24800,B,75,4.0,I,,PENDING,NewAck,LMT,DAY,,0.0, ,om,
25091500315115,FA42242,FA42242,NFO,NIFTY16SEP25P24800,B,75,4.0,I,,PENDING,NewAck,LMT,DAY,,0.0, ,om,
25091500315733,FA42242,FA42242,NFO,NIFTY16SEP25P24800,S,75,4.5,I,,PENDING,NewAck,LMT,DAY,,0.0, ,om,
25091500315732,FA32246,FA32246,NFO,NIFTY16SEP25P24800,S,75,4.5,I,,PENDING,NewAck,LMT,DAY,,0.0, ,om,
25091500321110,FA42242,FA42242,NFO,NIFTY16SEP25P24800,B,75,4.00,I,,PENDING,NewAck,LMT,DAY,,0, ,om,
25091500321111,FA32246,FA32246,NFO,NIFTY16SEP25P24800,B,75,4.00,I,,PENDING,NewAck,LMT,DAY,,0, ,om,
25091500324381,FA42242,FA42242,NFO,NIFTY16SEP25P24800,S,75,4.20,I,,PENDING,NewAck,LMT,DAY,,0, ,om,
25091500324380,FA32246,FA32246,NFO,NIFTY16SEP25P24800,S,75,4.20,I,,PENDING,NewAck,LMT,DAY,,0, ,om,
25091500326213,FA42242,FA42242,NFO,NIFTY16SEP25P24800,S,75,4.15,I,,PENDING,NewAck,LMT,DAY,,0, ,om,
25091500326214,FA32246,FA32246,NFO,NIFTY16SEP25P24800,S,75,4.15,I,,PENDING,NewAck,LMT,DAY,,0, ,om,
